Address,Wallet ID,Asset ID,Amount, Workflow
0xf3b226929b92618e7470814dfb156c0153ae9de2,cd0b0f0c-a38f-4976-9854-b9f16291ad66,AMOY_POLYGON_TEST,0.001,eric-ba-1
0x21f9c189dc44e4c5ef2c8a121921b1647b231786,fc2aa6c8-32d1-457c-9bfd-076d614339a1,AMOY_POLYGON_TEST,0.001,eric-ba-1
0x2751d62f10cabd989df24d663a732608a1ae920c,2677e041-ad7e-4249-9964-a762e1863ad5,AMOY_POLYGON_TEST,0.001,eric-ba-1
0x8bd7fbb0096850ad1bc7ce32e28c64a8feeb74de,86d8d9d0-2a92-43a2-aaf5-91cf5e0d0f7a,AMOY_POLYGON_TEST,0.001,eric-ba-1
0xc36e1e564fe6b05c2657f9a9d8d844ca100658be,88fafb92-9638-4437-adb0-73c32de44263,AMOY_POLYGON_TEST,0.001,eric-ba-1
0xa3c222081e93195d44f472c3ee6ea82a5cba9392,aebdab2b-34cc-450e-935a-c319f4f31bfb,AMOY_POLYGON_TEST,0.001,eric-ba-1
0xd0b8153df0fc5a34113743f0fa7fadeec1588043,bde3aa75-0ad0-41fb-bf68-b9b203e4ca09,AMOY_POLYGON_TEST,0.001,eric-ba-1
0xdd1420e1b6451b350ce058cd7614099ce1116217,8d7105b7-0589-4688-8d2a-d5c28f1277b0,AMOY_POLYGON_TEST,0.001,eric-ba-1
0xce0a4f8757c2d35983407cbda5cc04fd3bd13b85,9fea3111-07dc-403a-98ff-f7dd1bf2604f,AMOY_POLYGON_TEST,0.001,eric-ba-1
0x418cca883df987c94de90c7fce0af71cf16480d6,5bd72b5c-5db2-4442-a17d-41eac287666b,AMOY_POLYGON_TEST,0.001,eric-ba-1
0xe5bc31d09531651b9d455d324e553c7342006885,53df2563-44dc-4bc7-9e69-4945f4bae731,AMOY_POLYGON_TEST,0.001,eric-ba-1
0x7dfa2725e7c1831be134b98532c38b52bca6ebce,a21fe9ed-62c0-43a9-9394-335aff6a9c38,AMOY_POLYGON_TEST,0.001,eric-ba-1
0x2b5b5ed4e6c839ea02dad7b70a6302c4f38abae0,81844309-32bc-4e87-993b-0465bab2c1e1,AMOY_POLYGON_TEST,0.001,eric-ba-1
0x594f740a63e3587ce538bbec35ac805befff4dd4,8b7eb1ea-46a9-466e-9168-811be528a96c,AMOY_POLYGON_TEST,0.001,eric-ba-1
0x0b04f705af70e8341f4f4d30891f7a673f981913,a55801ef-2d29-469c-97f9-756b92bba573,AMOY_POLYGON_TEST,0.001,eric-ba-1
0x6878c8beb8d5c541ae70b61b90e01e767fab9107,55492e14-e78f-434f-8357-b19737f2fd49,AMOY_POLYGON_TEST,0.001,eric-ba-1
0x143c76d793bb81cc2cffc07d2974e6cff1743198,ed40254b-0ee9-4623-a950-a799593edebb,AMOY_POLYGON_TEST,0.001,eric-ba-1
0xe4bac8191754b79f955d06eca8d95faec6b57e24,714410e6-c5bf-4394-9495-ac1e47b08c08,AMOY_POLYGON_TEST,0.001,eric-ba-1
0x8b1cfb4de25aaccd097c806c8cf0e90e62592dee,3cfc89a7-13d2-45e2-a393-2eb8824c4381,AMOY_POLYGON_TEST,0.001,eric-ba-1
0xd41a578b1bf945223f6e5d5add2616bff3f76dbf,0204ccc8-a961-4289-a803-951f98bb7ae9,AMOY_POLYGON_TEST,0.001,eric-ba-1
0xaf563f9b98e32fab41e44bc97da03a052ff8c8a4,f9c251fc-00ba-4166-acfc-489bd3e570bf,AMOY_POLYGON_TEST,0.001,eric-ba-1
0x45a7b34f597450abcf3320904bfa5763b98734f1,e2ff5b91-1982-4fe5-9b42-2ce678d0871a,AMOY_POLYGON_TEST,0.001,eric-ba-1
0x6ee9254abf27f3388397fb1943c2282d4d0c73c0,959afbeb-d6e7-48de-9bf2-1903837f1be0,AMOY_POLYGON_TEST,0.001,eric-ba-1
0x64f89b9de720227851f07cc9208d10358cc2a4ad,746c47fe-f01f-41e3-8ba1-db713e510a7e,AMOY_POLYGON_TEST,0.001,eric-ba-1
0x4f47614db121b40fd5e75170a2e60cdada7d657b,5822fb43-985f-4266-862f-80f82cbea870,AMOY_POLYGON_TEST,0.001,eric-ba-1
0x1b489101f70188a440947eeecdb35f7690c9c551,c07fbb8b-b50e-4ed4-badd-fb1a14f79e0f,AMOY_POLYGON_TEST,0.001,eric-ba-1
0x069cf7e72dbb63e0fbbf80a0ec508c5efe4d5070,4722e7f6-f14c-458f-9550-e4772f0ea266,AMOY_POLYGON_TEST,0.001,eric-ba-1
0xc34bd055abc76ce9798622ae43d3d7ce35a9d803,f5143272-f593-4842-91b1-be0af0270e09,AMOY_POLYGON_TEST,0.001,eric-ba-1
0x9ff5602728c2e6238b2c3458fcfdc9e5847214a3,9e5fd4a3-0bca-422e-aaa6-e96a3a21c209,AMOY_POLYGON_TEST,0.001,eric-ba-1
0x5f032086664c997ea53e263c8e77a662cd8a0f19,d4ad21fb-59a3-4a76-8bb0-ac29aa05e8b7,AMOY_POLYGON_TEST,0.001,eric-ba-1
0xed945a78ba91922cab57e404ce428ec028eb41e2,1707186b-87f1-4a4f-b2e5-e970310cfe70,AMOY_POLYGON_TEST,0.001,eric-ba-1
0x73b04f837595ee4915f6966b667935b1032bcdb3,09343a9a-4f9c-4692-b67d-63a65a26967f,AMOY_POLYGON_TEST,0.001,eric-ba-1
0x918dfb429fb1114dfe0725523a0e42d989b58b02,c2d684d6-a13d-44ce-8636-036fa03241d0,AMOY_POLYGON_TEST,0.001,eric-ba-1
0x059ef7baec5bf669349319ce6cd0204e22c36ad9,e35e744a-48df-46ae-9b7f-8c75a3ed1949,AMOY_POLYGON_TEST,0.001,eric-ba-1
0x8e1c2dc244e1904e3a464fc097ff72ad982f7252,821a432d-6031-49f1-95df-1b32c5126bb0,AMOY_POLYGON_TEST,0.001,eric-ba-1
0x7eb14bd500da471965ab6f3e7dac4f529e75b813,45b8e97e-7356-4503-ad18-0c9e72f906be,AMOY_POLYGON_TEST,0.001,eric-ba-1
0xd970b68ca4aee82be72179273c3e23ce2337c1f2,99f031b9-250e-4bff-9648-d58c37ff9e4d,AMOY_POLYGON_TEST,0.001,eric-ba-1
0x8eb2a309231e05c59cd9eea970ca4f18ef75f7a8,d9d7c568-57d9-47ef-9f55-85005461c84f,AMOY_POLYGON_TEST,0.001,eric-ba-1
0x83f088c66192f4df5ae43df67e7ff9cc19b31937,7b3d5d0e-c4d2-4ffe-bd27-dcc220fb47d1,AMOY_POLYGON_TEST,0.001,eric-ba-1
0x2165d4bed0a5af8d948dfa30d874dd2712b6b5bd,b809bb8a-af55-4e4f-b7c5-dac652113fcf,AMOY_POLYGON_TEST,0.001,eric-ba-1
0xaa5e9f0623b3fb1cc629c7698c5a143ed129b5e2,d5f49a54-526a-45f5-b125-5fd477f95b2b,AMOY_POLYGON_TEST,0.001,eric-ba-1
0xeaef0ae06eba06d7d65d163920cccee577b301ee,b10b63cf-4c14-4853-bd0d-cade5320322d,AMOY_POLYGON_TEST,0.001,eric-ba-1
0x8a25e86e3957e24667b1ba9dfde9cb1aeb0a8c7a,3fa02098-de76-45be-9503-659127af886b,AMOY_POLYGON_TEST,0.001,eric-ba-1
0x39409cf34c9cf795738a11ada8f6baaed7b3d0b1,5c17e6e2-8ead-4ae1-acbe-da57f73d58b0,AMOY_POLYGON_TEST,0.001,eric-ba-1
0x1ec03c5c15bf87815a063bbd6f0c136b9ebd9e43,b99ff468-239c-4aa5-a14e-66049a11636c,AMOY_POLYGON_TEST,0.001,eric-ba-1
0x5dcb9a898560c68205c98a34ad68a07f3d7b7711,8ad90ba5-af9d-47d7-a0e2-dd41b2a2ec9a,AMOY_POLYGON_TEST,0.001,eric-ba-1
0x42a85f44937346380d935c6e2a3d2feb78fa2016,7331a990-c2ac-4677-a532-587f8cda6e35,AMOY_POLYGON_TEST,0.001,eric-ba-1
0x7ad84e097ac8261fba7b4b1afe23ed84553a618d,33578a97-39a2-4f7f-9d16-5016d61abedd,AMOY_POLYGON_TEST,0.001,eric-ba-1
0x181f3a606af56726f0a6be023a6f70aa6eb9aab2,e0ebf653-1c60-495e-8c59-900b82c6c7a7,AMOY_POLYGON_TEST,0.001,eric-ba-1
0x54ed4003440243d5c50110363cff4752b80c9796,17e171ca-2c38-4608-aabf-ab336b2c2b7b,AMOY_POLYGON_TEST,0.001,eric-ba-1
0x6f6e330708739b0360be2930aae19ecfa83a67c1,30e99dc3-b560-4716-ae25-3783924622de,AMOY_POLYGON_TEST,0.001,eric-ba-1
0xbf7a1abf6e64ebb965c2c35e302b12b3d7234257,94eaa9ab-83be-4c6f-9327-be12f38974f1,AMOY_POLYGON_TEST,0.001,eric-ba-1
0x2e50c6f0cd661978432dda6dd162f8fc4a505e95,1afd1d81-b426-4eda-8ec5-62213c0acf3d,AMOY_POLYGON_TEST,0.001,eric-ba-1
0x6db800d3781461e5afa667d2162aa60a50f0b9f9,7f1942f2-8c19-43e0-b9e9-ce48951dce07,AMOY_POLYGON_TEST,0.001,eric-ba-1
0x3e8df768b2b31fd26dcef9957640d89317f5693e,2a1bc003-1f03-4b63-bf5f-6a5244ca6c26,AMOY_POLYGON_TEST,0.001,eric-ba-1
0x7632a8a6130d029d882342fab1105f8d2cbb4dc0,98952c16-b247-43e4-aa72-079dce5111bd,AMOY_POLYGON_TEST,0.001,eric-ba-1
0x5f77911c11b5c131cb81fa546b89d5d83ecc6b00,e2c2d6e1-01b6-4652-8452-68f3091d00ca,AMOY_POLYGON_TEST,0.001,eric-ba-1
0xe632eded876f74640b38a7d565695e7671b9fce9,4057ae7a-91c5-4fe7-aa28-30ee2b621dfe,AMOY_POLYGON_TEST,0.001,eric-ba-1
0x226d19071df1c642fb1aec3038a8f7205b352adb,54f6aa61-8b81-4542-806b-1bab956b8a36,AMOY_POLYGON_TEST,0.001,eric-ba-1
0x1fd2f58fb4576f9e0b1be1e7ce28c09b8ec1cd77,1941c94d-304f-43e2-b631-0cab9939a3ac,AMOY_POLYGON_TEST,0.001,eric-ba-1
0x6ad34180591c4054d5e27279cb48b57f013f87ea,a72004dd-4f67-4e4e-b295-3d40b1af19aa,AMOY_POLYGON_TEST,0.001,eric-ba-1
0x0b4c4092a432a80b15ab2d41f4e532bf44b941a0,e6fd1b0e-7fe5-4a92-b719-50b807e40f6f,AMOY_POLYGON_TEST,0.001,eric-ba-1
0x4e819602918c07bad71c7e912fbc8971f59deb27,31aca134-46af-4d22-9332-ffe2d5f9e932,AMOY_POLYGON_TEST,0.001,eric-ba-1
0x1971005fb8e3bb6e2a486008a1b6e2e55069d782,efb45ece-54af-4b84-8961-a72dc5762146,AMOY_POLYGON_TEST,0.001,eric-ba-1
0xc1470621f0692590c94cae00ab773ae1eaeeb702,4fb190aa-80ac-4935-b442-de4521338aac,AMOY_POLYGON_TEST,0.001,eric-ba-1
0x4b2d6d6bd3c20628683592ab8e73d5f4e4f00821,088d9a46-c95e-4d92-88b2-c8842debfa5d,AMOY_POLYGON_TEST,0.001,eric-ba-1
0x8876173727049c15c9679caedff338a883d36905,6f88913a-5052-442e-9884-21e59d1cf43b,AMOY_POLYGON_TEST,0.001,eric-ba-1
0x0b2d830f3b37df12b043c70a44b128a51a15f6bd,2bcbffb7-3f88-4e75-b3bd-6dbbad46a2bf,AMOY_POLYGON_TEST,0.001,eric-ba-1
0xce36c58c02a0f8111290e4a0134df53674209a5f,9feb0c71-34ee-419b-a88b-891de84af0fb,AMOY_POLYGON_TEST,0.001,eric-ba-1
0x54dbec48fed836dca5df87c3fd8c60d7fe4241f2,599d5fb7-d71a-4b8b-8da0-945460498d07,AMOY_POLYGON_TEST,0.001,eric-ba-1
0x61d2e75f16001850b302b5966c27da9a88d60799,4ac39daf-5e98-46a6-ae8c-4c0824f16847,AMOY_POLYGON_TEST,0.001,eric-ba-1
0xdf04ef4f8160150819ccbb7a1960577d7621eaf0,3ad3ae95-2304-47f3-9a2f-fe2c23d2d5a6,AMOY_POLYGON_TEST,0.001,eric-ba-1
0x01dd6e7485d4f46ebe289bac4ee0029df5dfba40,d24e7fc7-beae-45c1-8cde-c057ad7d6961,AMOY_POLYGON_TEST,0.001,eric-ba-1
0xeb5da6dc13dbe592d8c985e04edc9f73f89e90f5,43cd82f8-b347-4dc2-8a92-bb0f0bd9505b,AMOY_POLYGON_TEST,0.001,eric-ba-1
0x12aaca39dd8fd168d4ab41bb46b837cbabd6f21a,8c8a21d8-2794-4522-9680-32e048e3ba34,AMOY_POLYGON_TEST,0.001,eric-ba-1
0x0013472927cf7e7cbce3a9bf8c2062059b818ecc,be846a16-3508-4a9d-9e8e-d83b04e4d7a7,AMOY_POLYGON_TEST,0.001,eric-ba-1
0x98ebc6f640148a02aa18b3f4027651bbe731576d,b4b43b93-9349-404b-9089-cca041620f33,AMOY_POLYGON_TEST,0.001,eric-ba-1
0x5cb7ab371d9f1b614d25481eddd02294d3d25c9b,c87ddeeb-b1a4-4435-9769-3122b0f01e9a,AMOY_POLYGON_TEST,0.001,eric-ba-1
0x906142d36460967cc1f6488c359ea4e14e7f6237,2e6080be-70bb-4ac4-b647-be6ff3d10490,AMOY_POLYGON_TEST,0.001,eric-ba-1
0x0ec835b976f7188f4f585e7a5e81b819bd51e8bc,e89063a4-d500-4e17-9270-f79cf1063329,AMOY_POLYGON_TEST,0.001,eric-ba-1
0xa3b4aecd670cffe464ff8a166abb282370b23a64,abefe40f-076a-4f74-81f3-fe6f2c4239f8,AMOY_POLYGON_TEST,0.001,eric-ba-1
0x182258fbfe47b69b6a8d2498353d9ac967345fe9,12bcac38-ba76-42ad-a4ac-a118b3f7c03d,AMOY_POLYGON_TEST,0.001,eric-ba-1
0x78d81ff991cfbfc40aa1da1cf844704eb1aef6e3,0c423163-c165-4619-adba-d45c280d1cc5,AMOY_POLYGON_TEST,0.001,eric-ba-1
0x120782f2ad2b489cf5ba1ce69fb0defe50aa942f,b8baa75e-940f-4667-9ab0-4c9f6ccd59e2,AMOY_POLYGON_TEST,0.001,eric-ba-1
0x2a6397207527d81f05259519b4edbd6d62d937ee,0aa309b4-0d5a-482e-9add-50a76a633886,AMOY_POLYGON_TEST,0.001,eric-ba-1
0x1307b14bfe6fed143a3948bc2dc8cc8d08ca6c82,2f9f1edf-8760-408d-8d0d-2596af825a50,AMOY_POLYGON_TEST,0.001,eric-ba-1
0x5757477e8fb2090ba174665fdebb4790e14c5654,5ff281f3-2240-44f5-9951-37b2157dcc78,AMOY_POLYGON_TEST,0.001,eric-ba-1
0x4245d8a10d13a5da474185fa881c8db466546a3e,5b6f3387-1e27-43c1-b019-539e33634184,AMOY_POLYGON_TEST,0.001,eric-ba-1
0x92cb0922b485831fd42e1456f6da552e1ccb649d,64d7e003-f818-4b94-8f65-c5066a91d6d1,AMOY_POLYGON_TEST,0.001,eric-ba-1
0x8eadc4b4f9cf6174b84ef0e211bfca43339f7875,31ec8644-3888-4229-ab97-ce4d97e1d174,AMOY_POLYGON_TEST,0.001,eric-ba-1
0x2d5bd92398ae7e8ef508ff11ebaffa9a42055ec7,833a657f-eb75-4302-b270-b1d65f0ffaa5,AMOY_POLYGON_TEST,0.001,eric-ba-1
0x7d97df29754bbf40ac06cfd9b6e2189523724013,98d827cf-8378-40ff-8ba1-f38da4b90f09,AMOY_POLYGON_TEST,0.001,eric-ba-1
0x8da18045a51b6526990d614566c331081d78e250,555c3d06-eba9-46b2-bd22-d4e472f805d5,AMOY_POLYGON_TEST,0.001,eric-ba-1
0xe9dc63d9ddf8d19f012cb4f97f5e400685bd5d8e,d20478d6-646a-4631-9aa4-d5318af9f2eb,AMOY_POLYGON_TEST,0.001,eric-ba-1
0xfe55e45a9ec9f5456f80219b46d061f9d86be4c1,6682130c-e74a-4723-a53b-f4f6332e074d,AMOY_POLYGON_TEST,0.001,eric-ba-1
0x9ea43c07c878afd8d7d24b69ec54b96a0f5d2b6b,955aba33-45af-47b3-b1d2-dc128c88fdc9,AMOY_POLYGON_TEST,0.001,eric-ba-1
0xad7b4a82fa98b3de63ad484902e79715818bac15,e9002cbf-c715-41c9-bd7f-4d5284046751,AMOY_POLYGON_TEST,0.001,eric-ba-1
0x9fa767f7ff077e3074eea676c67c51bf451d5adc,b504c1ca-cb29-4cf8-8d25-e091d0eb85df,AMOY_POLYGON_TEST,0.001,eric-ba-1
0x78dc1d2967da5bfce3b04e1b4b934dab4cb36f9f,98e8cccf-9d33-49c1-8fdc-4e873e955486,AMOY_POLYGON_TEST,0.001,eric-ba-1
0xae4c3aba8defeaf83fed5427e7ce51bb23f8534e,cc64824a-0afe-48ef-889e-590680e04fe5,AMOY_POLYGON_TEST,0.001,eric-ba-1
0xa7dd8ac222dd7859d95b09701139777b64b8b684,dc6a7332-a7cc-4aa2-81de-3e0be16fbaec,AMOY_POLYGON_TEST,0.001,eric-ba-1
0x8122441185c360d878bc79db3cb8135d02a578b2,23bbd36d-5195-4023-af37-82881b95e0b7,AMOY_POLYGON_TEST,0.001,eric-ba-1
0x9986b8dc9e7f6b9c8340c00780a676acd6aa3c74,492a84d9-b7b6-4ed4-b155-13a946ba1668,AMOY_POLYGON_TEST,0.001,eric-ba-1
0xbac9a72c00ae7d5941de83dd82e50f94b4cc2c47,2f18b99a-4838-4558-9241-50d452b40c58,AMOY_POLYGON_TEST,0.001,eric-ba-1
0x6bcc7531ab6a97fd9549f4ae484cc1bb11f7ebbc,fac1b395-685e-4add-8b93-4fa6ed96f259,AMOY_POLYGON_TEST,0.001,eric-ba-1
0xcf77b3666d2a18f014134345ba5ddddf86508c25,384c606e-9367-4d97-b6eb-c7bdbd93baa2,AMOY_POLYGON_TEST,0.001,eric-ba-1
0xb52d1f87c3034701dd1485fafe7afa52fd5112d9,0d299a67-d523-4726-b97f-5f856d2cf9d4,AMOY_POLYGON_TEST,0.001,eric-ba-1
0x048e99218431ed8636a04d8aeee269a075f7b2fa,9150375f-c320-45b8-a2fe-fddef6254a88,AMOY_POLYGON_TEST,0.001,eric-ba-1
0xb02c2a210613654ebd7d3bd9665b8812a60f9406,02b10f39-11e8-46ba-a772-8cbab5293d32,AMOY_POLYGON_TEST,0.001,eric-ba-1
0x43032ea32de2c163d4a014065d8793996a87abc0,39f333fa-61ff-4620-8fe7-d3305d4fd127,AMOY_POLYGON_TEST,0.001,eric-ba-1
0x7d82f06776de3766a2b9b81c139c3bce8c31b2ab,f44d1b83-3882-40f1-9360-56b8680b9f7f,AMOY_POLYGON_TEST,0.001,eric-ba-1
0x29e9ceff9975dd0237a54de209be2942614fc75b,81be5dc9-d69c-42f0-886d-289b29cd38f8,AMOY_POLYGON_TEST,0.001,eric-ba-1
0xfdb856e43720c997925b7d77ce0a7d3561849e82,be084170-1740-419c-96a3-4b96c4169126,AMOY_POLYGON_TEST,0.001,eric-ba-1
0xb924eaf7e66d15987af77c9c5f4556333baaadb5,2a5ce33f-91a3-4092-8d2f-bb220f99173c,AMOY_POLYGON_TEST,0.001,eric-ba-1
0xee5d945cd699d90345e3bca0751b6ee0ebc78d5e,4195c37a-06a9-48e6-98fc-4aab0f0c01d8,AMOY_POLYGON_TEST,0.001,eric-ba-1
0x262910bcbfb148f49838c65051582b6514aa3932,fdf36929-5106-4819-8585-0996d414ab37,AMOY_POLYGON_TEST,0.001,eric-ba-1
0xcb0cfca63173a85104c077607f24a0044a6fc5db,ec2cec6a-c503-4b62-b13c-bd89f40bbd6e,AMOY_POLYGON_TEST,0.001,eric-ba-1
0xcbfa355fab614d7d9e2a56aa907827399de9f5c7,e4b271eb-9ae7-43a8-8af7-4992366cbfbf,AMOY_POLYGON_TEST,0.001,eric-ba-1
0xe70cfa35bcdefa2dd9a2d0fe8ba241b9aa06adaf,8b523909-f668-4fc2-81c9-d9cc3ec339af,AMOY_POLYGON_TEST,0.001,eric-ba-1
0xf63be948e52f9be5f7d4241d0f10469bc7e27cf5,bf2d4275-e7e0-48bc-938c-1e4beba481f4,AMOY_POLYGON_TEST,0.001,eric-ba-1
0x56e773b0a620205e9f72265b6013b65b84c2c4af,317e8305-692f-46f3-8f2c-690ccb2101d3,AMOY_POLYGON_TEST,0.001,eric-ba-1
0x26ae0235ac4e0efa0a4519d090dc5bfb56361b3f,aa33573e-2f70-4ac3-95b6-ecad74ac500b,AMOY_POLYGON_TEST,0.001,eric-ba-1
0xf6602e79816b61e431ec0d130246f53417c4855a,1897b241-938c-4228-a8cb-5b35bf5151f9,AMOY_POLYGON_TEST,0.001,eric-ba-1
0x2eae6ac07aedb4f019ab9623dafaab0691e414eb,8e6825af-0720-4e27-804b-e422b1f7a5c0,AMOY_POLYGON_TEST,0.001,eric-ba-1
0xcabcd10195cfb079d80a1bbea2e80cf5feb29c64,bbd75ddd-882c-4c53-b2c6-28d385743112,AMOY_POLYGON_TEST,0.001,eric-ba-1
0x6757aada6cb470d8081cb8f48240b56df9c97cb0,9871915f-5643-4fc8-848e-946a31fb21a2,AMOY_POLYGON_TEST,0.001,eric-ba-1
0x695bb5d607a6618693d999bd7008a79144b46d0d,192bf374-7095-4f94-97fe-ed5ba0d07e68,AMOY_POLYGON_TEST,0.001,eric-ba-1
0xf2ead60a7194f87105086284830b0fa665b83cdd,b2dc3c31-131c-4271-8198-563289dce4b8,AMOY_POLYGON_TEST,0.001,eric-ba-1
0x55250e0e9ea8a86ab3066881f363047e1fe9e934,22d1d7a5-0636-45ea-a98b-fbc3e76abc56,AMOY_POLYGON_TEST,0.001,eric-ba-1
0xdda1e6a7294421ac4b4397d8379a55c99a80b7cc,e233a407-45b8-4008-a0e0-abb0e1e65e9b,AMOY_POLYGON_TEST,0.001,eric-ba-1
0x8aaaba0ee24dc830fc7dfc1a023e8cca67366cc3,7d98a57e-0811-46e7-962c-8d1ad5630911,AMOY_POLYGON_TEST,0.001,eric-ba-1
0x12a8037a31c973d3040e2156405c67b82651d620,d7879da6-b853-479c-b4a1-2a946145129b,AMOY_POLYGON_TEST,0.001,eric-ba-1
0x89385bdba3f22e9e5a76144579c7a22d97e17864,f33821d8-92eb-4155-b171-f90933b8bea8,AMOY_POLYGON_TEST,0.001,eric-ba-1
0x802e11bf58c0d182187ae7e3d9c3247e0fa05e03,671fcf4f-63e6-4fd5-8a77-a29fe0f78764,AMOY_POLYGON_TEST,0.001,eric-ba-1
0xdebec09e2b4320a8c6baca1336a15a6565f21c4d,5e28c2ca-8f4a-4468-b106-f09f9f93d234,AMOY_POLYGON_TEST,0.001,eric-ba-1
0x0b37e179d6eb2581be5bc57a0616ee691144f742,17543176-a538-4724-bb8d-1437ef6623dd,AMOY_POLYGON_TEST,0.001,eric-ba-1
0xfe3f917a44148e5a76f0d8dcfea78151a817ed82,8c47d4a6-6d82-4b30-a5e1-06ee17b84110,AMOY_POLYGON_TEST,0.001,eric-ba-1
0xb87ce08ab46e38cefa8eaec103346c62d35f2748,703484a5-bba0-4680-aa47-90ff4211ead0,AMOY_POLYGON_TEST,0.001,eric-ba-1
0xbd9860d94697066bd10d710c9406953d79c79778,cccf4575-4a0e-4d32-97c9-a4126304f132,AMOY_POLYGON_TEST,0.001,eric-ba-1
0xc2e2f17e7fa71f50d633440b36f87b4758f055e0,abc8dcec-6011-4e74-86f0-0d90ce0b8a1d,AMOY_POLYGON_TEST,0.001,eric-ba-1
0xd9e6a3cbdbf348597c8671b769ca34a440816a33,dc68e1cb-7777-4bf0-a65b-10497a54d2d1,AMOY_POLYGON_TEST,0.001,eric-ba-1
0x6d0391469cf8c38450c27516b62ee9ef669545c0,bb89a79e-68e8-4670-bb80-376a5b66ea3c,AMOY_POLYGON_TEST,0.001,eric-ba-1
0xa3b9cda0779865945494513bc4f56d10d820e45f,b31c3a9b-ccf9-4e71-82ee-ffc320f1c526,AMOY_POLYGON_TEST,0.001,eric-ba-1
0xc72bda3c23dd047cd3222bce82f8a207bc317acf,e0471081-acce-4ed7-ad0f-a869cb37ff0a,AMOY_POLYGON_TEST,0.001,eric-ba-1
0xa4ed7a88d18fdc696238cf231d446016d17dc7a2,bfd37da5-1601-4d21-b78c-378be8658cf5,AMOY_POLYGON_TEST,0.001,eric-ba-1
0x7db759cf23c3f11fead10f8901bdfe48a2a4b340,8fad815d-46ba-45e5-a216-fb33b56fb729,AMOY_POLYGON_TEST,0.001,eric-ba-1
0x4bb8000e04808cfc126f88d5a2b7be7f5254f6f9,c4bb6e8b-62b6-4b87-9d40-7ec455fb3e81,AMOY_POLYGON_TEST,0.001,eric-ba-1
0xe7d5e49d8360c48ddb9607a46910be87a9c3bb76,88dffb68-d11e-407d-a9b8-0f55de3fac30,AMOY_POLYGON_TEST,0.001,eric-ba-1
0x4a9daff783051b20c4e55dbad258d31e5cb1566e,882e48ee-32ce-4083-8578-c4fa5dcdb817,AMOY_POLYGON_TEST,0.001,eric-ba-1
0x79e2b59028fe18d1765f18fb65f562f472566a98,98e55b94-5391-46cb-af76-b22615570748,AMOY_POLYGON_TEST,0.001,eric-ba-1
0x289fdb8df33c63eb353868108bca566c06e3e58c,b8d17b9a-c59a-40cc-8f75-e767310e6943,AMOY_POLYGON_TEST,0.001,eric-ba-1
0x0188400fe09c4f5a98eb1b312a185ce9471ceded,b5bc3b19-e4d3-4278-b44b-1fbb634ba648,AMOY_POLYGON_TEST,0.001,eric-ba-1
0x58f721b8db2d6aaf408109716794a13f12f08098,9938227c-65a0-46a0-b41d-921bfacd2cd6,AMOY_POLYGON_TEST,0.001,eric-ba-1
0x6d3ca4e31a98ad28e0a7580e7422282927c457df,74e94c71-3e78-4c12-8062-7580b29cd69c,AMOY_POLYGON_TEST,0.001,eric-ba-1
0xc9bd47b992d701693323a4c9919f400948edf3fe,80ddd759-9664-4545-a170-de12323ed040,AMOY_POLYGON_TEST,0.001,eric-ba-1
0x079606ca97a37c47cc3600af2709609b92960e11,9242c499-9e84-45a9-b02f-058624888467,AMOY_POLYGON_TEST,0.001,eric-ba-1
0x938afbf115b8ddcb6d236e6b2e538d792573b1d5,f95ed024-bebb-421a-831f-061679331851,AMOY_POLYGON_TEST,0.001,eric-ba-1
0x2bd0914c18240ff276c3173aff4313e04b868688,bc49ca45-fae7-44f0-af68-840ca01837bc,AMOY_POLYGON_TEST,0.001,eric-ba-1
0xcf72c13d52b4f9e9a16953cd638566d4b489be82,ddfbdcb2-cea3-4c28-84c9-4ef975cd734c,AMOY_POLYGON_TEST,0.001,eric-ba-1
0xe22a8c61758d9107d303fb40a0b18b6ecb3763cb,f738c1ed-f15f-4c49-bd8f-45eba824cf9e,AMOY_POLYGON_TEST,0.001,eric-ba-1
0x9a601f98029878dc30ae03b2f2ab5b34409f307e,08623716-42e8-4453-a6c6-657f487e35ed,AMOY_POLYGON_TEST,0.001,eric-ba-1
0xeca1f0ca0a1f5f27b18fe823b028b1c1ec5f9ad5,fa35ed0f-dd32-47dc-952f-6d3fe2701019,AMOY_POLYGON_TEST,0.001,eric-ba-1
0xef0564db8178b692a2357e5df710ae67553973c2,bd790ebf-5ce3-4cbe-b5b9-b7a8a280e328,AMOY_POLYGON_TEST,0.001,eric-ba-1
0xdad2686b215d6a16de2693d360563819d3b2cdc5,deb9ed28-1ee5-4bfe-acdb-6d2b745e5e31,AMOY_POLYGON_TEST,0.001,eric-ba-1
0xb968870e771d5348b6e699566b8329c9c7946778,f3ad8f38-feb2-4da9-b6bf-66667d495547,AMOY_POLYGON_TEST,0.001,eric-ba-1
0x51300068dffd120384f0aa7324229958f455a21a,514fd92b-f8e1-44ae-89bd-6b7e5e33409c,AMOY_POLYGON_TEST,0.001,eric-ba-1
0x874a8ad27bf2e3af354bf6a615684b421ccd28bf,bf9885bc-7308-4a73-9c4d-229b9aaa771c,AMOY_POLYGON_TEST,0.001,eric-ba-1
0xb4dd9149bcb31ef7f8797f77a88b64a60030dcfa,1839f296-2b6d-480d-81dc-e20a3ff63a6b,AMOY_POLYGON_TEST,0.001,eric-ba-1
0xfe98999443dfd9e6abf354e5d5e12d3e7d049928,83b0e791-bd87-4a48-8972-658a7d4ee118,AMOY_POLYGON_TEST,0.001,eric-ba-1
0xcde002daf3e073dcb5a3dc025f9b167734534f06,ebae3017-9844-4888-bd2e-4e993f60b31d,AMOY_POLYGON_TEST,0.001,eric-ba-1
0xd18ae229a3573c3ef57829185d2e14a5f7bfe5a0,1b2bab21-ec78-48ce-b204-b795fd4aad2f,AMOY_POLYGON_TEST,0.001,eric-ba-1
0x532837a58de1e3f688a39b87aec37fd6f3f9f0fb,fb740189-4812-41a0-a3cc-9b8e0cd95ce0,AMOY_POLYGON_TEST,0.001,eric-ba-1
0x41507d799270f85fd9c56f24973f803eecd7de1b,8f87d69f-cd42-4a5f-a922-0126eee1c8ff,AMOY_POLYGON_TEST,0.001,eric-ba-1
0xf2b2c33d999adfe78fe1e1377d429cefea9bf94d,e4e61c38-487c-4975-a7a2-dfad77ce6858,AMOY_POLYGON_TEST,0.001,eric-ba-1
0x47dbed6ee5a9b09c2e4e899ca05adf98e23b65cc,fe45e576-fcfe-4445-b611-9231cb03007e,AMOY_POLYGON_TEST,0.001,eric-ba-1
0xb7de2a566c8de7f8c2abed13e5cab1759b704ea3,5e405ae0-aeeb-4c3a-8cec-9753978e0a25,AMOY_POLYGON_TEST,0.001,eric-ba-1
0x17f4c0fd0352931c181f4baf5735d4435d2569fb,8bb61475-4500-443b-ae60-099cff714bb9,AMOY_POLYGON_TEST,0.001,eric-ba-1
0x70a00ba24b46ead2030e128707d3e7fb7220c2b4,bdfa7612-858e-47ed-bb71-58165f0437d5,AMOY_POLYGON_TEST,0.001,eric-ba-1
0x41ad833151b31c3c95d2f667fa08b2f21567df30,704bfa95-bbd4-478a-bcaf-933c04347372,AMOY_POLYGON_TEST,0.001,eric-ba-1
0xb3c9b5a23e38b6778b73c15acb7f6317a8558676,e3c79c2d-72b1-4c81-b77f-cf28cdecaf9d,AMOY_POLYGON_TEST,0.001,eric-ba-1
0xb6d0b207a702ed9893a4950e11463b337b184cc5,98d7be9b-2213-475a-b9e6-039381c69ae5,AMOY_POLYGON_TEST,0.001,eric-ba-1
0xf0947448e1281f9e17872a81028df80f94dd29d4,f4aae673-5e62-490a-8221-feaf9917be0b,AMOY_POLYGON_TEST,0.001,eric-ba-1
0x3c3c54d00a498e070a65ef659627fb48a38dd8f0,60b3ad9e-5b12-4bd2-8e60-79b51f7d4c48,AMOY_POLYGON_TEST,0.001,eric-ba-1
0x9da1bb4f6fba8b642b1ad388caf9e9770d25976d,097da855-dd15-4b33-96fa-259681f48d95,AMOY_POLYGON_TEST,0.001,eric-ba-1
0xd1a4fcad8cf0412c829531892bd847755e1fbd49,12f93d59-3c85-4139-9bae-7a5997386b14,AMOY_POLYGON_TEST,0.001,eric-ba-1
0xd223be9d54f0a2f25cbb53ac0a43febd4284f2d5,5e320c5b-4c2c-407e-9ac6-3dbc24a25020,AMOY_POLYGON_TEST,0.001,eric-ba-1
0x0a5f131700b64ff476ab4c0c783ddbd4442a002c,92f84089-3f17-4e3e-80d4-ba25ac658d14,AMOY_POLYGON_TEST,0.001,eric-ba-1
0xbd03bf6d8cb53fe1ec7cd7d0902d02815abb689b,580014ce-2913-4ead-af92-f500d4f4482e,AMOY_POLYGON_TEST,0.001,eric-ba-1
0x2793be0f13bf6ce89daede13d611b7c42ab13584,0330cc59-e2d2-4c13-a565-548b385a2ddf,AMOY_POLYGON_TEST,0.001,eric-ba-1
0xd90ddbc0403638a5a30eddfd60a25723c1823e87,310dcfeb-d397-4cf1-b5cd-6c86e1a0d1e3,AMOY_POLYGON_TEST,0.001,eric-ba-1
0x3f631bb3f665902a1168f26439774aaf51ffaa99,3d378114-ac30-4bfd-94c3-8ae9d2f8ff67,AMOY_POLYGON_TEST,0.001,eric-ba-1
0xa021f10d154fec1bc023339844c9b4880d9e8cb0,6badf7e0-2b0f-44a2-8ef9-0742a08fa81c,AMOY_POLYGON_TEST,0.001,eric-ba-1
0x5ac4b0fc4d369e6740bcf34df76803545e92fc05,a766b77b-3261-4d9a-bfc2-66236692be03,AMOY_POLYGON_TEST,0.001,eric-ba-1
0x40cfd05970e53836dbda07cf626922161d35d233,ae5fc52b-1776-4111-bd95-7f130e64a6cf,AMOY_POLYGON_TEST,0.001,eric-ba-1
0x314d2e35d2cc41c31066df541d7d6d3da26db575,3a423772-d77e-40d0-967a-b9ff22e125f7,AMOY_POLYGON_TEST,0.001,eric-ba-1
0xac5958ca2cd01777d26d857e93ba3bf5d831b646,a903ca42-e503-4125-a8fc-cc915f2fba16,AMOY_POLYGON_TEST,0.001,eric-ba-1
0x30d6079d722e5f7d598a3634bb6ab6168f95f149,d98aeacc-45ce-465f-89fc-35958e3a5d89,AMOY_POLYGON_TEST,0.001,eric-ba-1
0xb9863a384b0d280c14a9c30d4882c8d9a879d090,9be886ec-368c-498f-bc90-c91593db7e01,AMOY_POLYGON_TEST,0.001,eric-ba-1
0x069a2538c519a018b223d886ec63f8fd44f6032d,98c12a84-4085-4be9-836c-4e053443ce2f,AMOY_POLYGON_TEST,0.001,eric-ba-1
0x7d12118354adfedbbb3d58e7f7ee3b529559f7e6,1c178ca0-59d6-4366-986d-ae813b7e5513,AMOY_POLYGON_TEST,0.001,eric-ba-1
0xf3158873fcd54f3d609810b0216ccd7e802c3e80,d0d1927e-46cb-4cee-bb47-0a6fa93289bc,AMOY_POLYGON_TEST,0.001,eric-ba-2
0xc1d6a90219228d452ced67081856996515e54f10,cc7440de-6dad-4350-92ae-ca2b1bd12b7c,AMOY_POLYGON_TEST,0.001,eric-ba-2
0x8131e202dc7098d4cf202f3e6af879f4adabe2b3,eda0299c-0bc1-4b36-9216-a0ee33c49886,AMOY_POLYGON_TEST,0.001,eric-ba-2
0xc6eb78ab16447ce0d258ab513d879f309f2c9a62,52ff5b64-b093-4905-9a5e-462a989a11b2,AMOY_POLYGON_TEST,0.001,eric-ba-2
0x004539aa0a3a70e424950bd279f7ccac9b16af9e,4377211e-e8c3-4482-b681-04d5229180f7,AMOY_POLYGON_TEST,0.001,eric-ba-2
0x515450a63fd9cf7abf207b8a2eda48c6bb467adf,027aded4-841c-4c1c-adf0-dcce62620a25,AMOY_POLYGON_TEST,0.001,eric-ba-2
0xd2f72d82bdf80a662d8ee66fd488c64f824f6628,4ed6349f-bc03-49dc-b75c-69bc0a1d6afa,AMOY_POLYGON_TEST,0.001,eric-ba-2
0x7aedefe6db11ce69c6d898e40cdd282cec2597ea,91e448c8-7116-46a8-ab96-3f77fad744ea,AMOY_POLYGON_TEST,0.001,eric-ba-2
0xce46db0cb0e3bc1d8033e113bee4dd814fc90f18,21b8f500-bc67-4fc0-a4b7-ac9d883f491a,AMOY_POLYGON_TEST,0.001,eric-ba-2
0xb61b87a6dff6c0500e9180b352c4cd9e52930fd6,53973885-75e3-4c38-9fb6-469d2b15d948,AMOY_POLYGON_TEST,0.001,eric-ba-2
0x48cc53c346ea4b68c6e7d5b0bb56a63913bd1a6d,84384015-494d-4afd-a60f-57dc07e54cda,AMOY_POLYGON_TEST,0.001,eric-ba-2
0x61ad33386b0920e14a09ec53bcb322418782644e,498ac306-2809-4f00-adbb-afa69858e424,AMOY_POLYGON_TEST,0.001,eric-ba-2
0x59c450d281eda6df5b15c8a95ac03ec261c2deb3,07f6ec14-48e7-4846-9097-469ff0d09693,AMOY_POLYGON_TEST,0.001,eric-ba-2
0x92a2c8c0ef102226f634f0ebd4a465052997438c,993f4321-ae97-4f00-95ae-9394606c9a29,AMOY_POLYGON_TEST,0.001,eric-ba-2
0x065f3158bb709d8f620d0507f7f54abe95ab7770,4efd0838-85a5-4096-84d7-e636b5c2576b,AMOY_POLYGON_TEST,0.001,eric-ba-2
0x55a78545add2731b98edf29e449839c4d7df7f97,1de2b8cd-5531-41a0-b5ce-64a6de833c88,AMOY_POLYGON_TEST,0.001,eric-ba-2
0x8b61b48481f99af31f68a6f0a3890b73efd552a5,261de92f-8e50-4215-a4a5-a3db4a30fa8a,AMOY_POLYGON_TEST,0.001,eric-ba-2
0x38f07f53693b491c2106f5a0b1378ed99ed381ef,6e52d745-2aa1-4694-8c3b-37303c739201,AMOY_POLYGON_TEST,0.001,eric-ba-2
0xddde01f28e4b9d7139c00c8a7b66958d59eed85f,c756eff4-01dd-4875-8429-5d869d1577e8,AMOY_POLYGON_TEST,0.001,eric-ba-2
0x70512e052ac816c7ef20631dd21e5e255aab3b80,aad179d5-7a2d-4617-94de-48f9b0aad4fc,AMOY_POLYGON_TEST,0.001,eric-ba-2
0x0de88b9d006d052fc58910318d18cb25efeca235,da200cee-5b42-41a9-8ffc-7fe4210f1edf,AMOY_POLYGON_TEST,0.001,eric-ba-2
0x9eee1c26e23599599e1703757bc4f652a97868df,cf6b13c4-4960-4e3d-9722-d0c1d67ff072,AMOY_POLYGON_TEST,0.001,eric-ba-2
0xfcea36b681b7cb97ee1bba519f6ff0123e2a8732,2489169c-1e33-44d0-b5c3-a17cd2a5a3de,AMOY_POLYGON_TEST,0.001,eric-ba-2
0xc480c5d376608eacc39b0081dded16bf04030690,04e35902-78f5-4f36-a48f-ad576bd02139,AMOY_POLYGON_TEST,0.001,eric-ba-2
0xda464ec31d1943a68a9687e7bf1343f781287646,2fe3561a-f3c2-4854-ac6f-f44b1c65b7a5,AMOY_POLYGON_TEST,0.001,eric-ba-2
0x2c153755be3ba0bd3608624944339492102ec3a0,9d43b0ab-3f4c-4299-8952-3106c47b18d2,AMOY_POLYGON_TEST,0.001,eric-ba-2
0x0b53c454f3336e863e01ecf68010aa09a6ab8ee8,e3675644-2fa8-4c46-8b4f-0a288b4f2d25,AMOY_POLYGON_TEST,0.001,eric-ba-2
0xe30ed70c3c69f0fde196a1a647e764333a2c7750,e0058736-4889-4e3b-a10f-dd0bb47641e1,AMOY_POLYGON_TEST,0.001,eric-ba-2
0x4fd18861121144bb0019a949f56d2375b3eeca15,22280f31-196c-4726-9b3f-d513925b4149,AMOY_POLYGON_TEST,0.001,eric-ba-2
0x36d46c88ba600429972f50ee9d3a976304c701cc,17e59de7-fa1b-4533-b56b-0331c823ae93,AMOY_POLYGON_TEST,0.001,eric-ba-2
0x2d799f0be9ff825a12f1eef4c2a1424b2ce87d01,49f2c7be-bf14-448e-9a60-eaf806a73132,AMOY_POLYGON_TEST,0.001,eric-ba-2
0x7586ee01a7838ee1ceb438fe4ee489a0faeb99bd,31b41365-02af-43e7-bbd2-abafe0a34cb6,AMOY_POLYGON_TEST,0.001,eric-ba-2
0x4bb18b1087f80400cdee82f6c234801a9b85370d,084b76fb-0edf-46a7-b1d2-21f4dcc7cae8,AMOY_POLYGON_TEST,0.001,eric-ba-2
0xd3992fe5469fe7db550f0fb2685a9adf6b6f791e,5eb96bf0-7cc8-4e5a-a6dd-63997a5b1080,AMOY_POLYGON_TEST,0.001,eric-ba-2
0x35c22a1a348ba895bc018339c4e53aad90a410fb,d7f7154b-f41e-443d-9c31-f04f5e58a7fa,AMOY_POLYGON_TEST,0.001,eric-ba-2
0xaae077d4c96a788302c23eddfc1aff6f0a571e4d,e3a6c672-2777-4b4f-af34-2117f0aa4a12,AMOY_POLYGON_TEST,0.001,eric-ba-2
0x77d3063C3944B3C33aC23269d4eb1a7f77B9Cef6,fc85346f-26e2-47da-82b5-f705b0482559,AMOY_POLYGON_TEST,0.001,eric-ba-2
0x20b249a41e4f14612c445bfd936395301fcf4ab9,95b931b0-1bee-4b4a-99a5-9da5d2c5476c,AMOY_POLYGON_TEST,0.001,eric-ba-2
0x92c9b4594924459bf52fc813f8d2bc03493e6649,60d85b70-80d1-47f6-a502-c42ee2b93679,AMOY_POLYGON_TEST,0.001,eric-ba-2
0x919760b36f8966dc08cff91b50dfe3da285eb24f,da3921e8-64e9-445d-a645-91b0c5c49bc2,AMOY_POLYGON_TEST,0.001,eric-ba-2
0x71d03577f6f891ed1be59478f1b81283d76cabca,bf4cf6c0-eb4c-4eaf-9876-a725886b4e6b,AMOY_POLYGON_TEST,0.001,eric-ba-2
0x2380fb22e29b75f889df652b6e8de517a8a2d560,686aaa5a-245b-4828-909b-6e1fd7334d00,AMOY_POLYGON_TEST,0.001,eric-ba-2
0x4d78d15411784703e26ca9bf522a8ebef04cc91f,4d1f6646-bc4d-4ca7-8f55-80cef618792e,AMOY_POLYGON_TEST,0.001,eric-ba-2
0x49ab35d169ec7c327b9df0e6278594a55944ca02,52baa046-8092-44ba-a598-5c35c02d0076,AMOY_POLYGON_TEST,0.001,eric-ba-2
0xe72a39653e776f89debeff3e5c385c1bfc269b66,ba0a5aa3-8be6-40ca-a75f-879421122281,AMOY_POLYGON_TEST,0.001,eric-ba-2
0xc7a9e8b69c910f00c80bc602a0b647445dfa1ad3,67335c17-5af6-499d-81b6-37c402cf92c6,AMOY_POLYGON_TEST,0.001,eric-ba-2
0xe373a6d1512bd5ec224dc221e438a21d79e457cb,ce0c97bc-fc18-4243-b842-26e2b2b2f54e,AMOY_POLYGON_TEST,0.001,eric-ba-2
0x2ed893eb368bb01d897fb22c48522cadc90861ab,9b50e83c-386f-42b2-84ac-070299c1e58b,AMOY_POLYGON_TEST,0.001,eric-ba-2
0x641a2469c02eba4888e05f5c61666578163a2c00,5727546f-192e-423f-84f0-92cda31556cf,AMOY_POLYGON_TEST,0.001,eric-ba-2
0xd6261d7e25392b2f928f4be894551f0aa078e1c8,fea7d642-8795-4afa-a746-5d0fdfe1875e,AMOY_POLYGON_TEST,0.001,eric-ba-2
0x5ba7b7b2c0f9d050682f1eab1e533755349d172b,cb6a9fe7-a61d-46b2-aafe-1b29eae68481,AMOY_POLYGON_TEST,0.001,eric-ba-2
0x6cb7867dddceaa4bff40243ed51cef4ece076c71,75fc0be0-62f7-4bb7-91ee-329d6ceec51f,AMOY_POLYGON_TEST,0.001,eric-ba-2
0x72cade3288227aaf535dafb5bc568c27a3cf4f58,3fdae62c-549a-4a6f-89fe-4bf7ad0313b3,AMOY_POLYGON_TEST,0.001,eric-ba-2
0xa10a3be113a834622d4fa1e454eeefbffa74c40f,9664342a-5c59-4e02-9b78-c61d71e7f2ee,AMOY_POLYGON_TEST,0.001,eric-ba-2
0xcba3bda8335c95c88e20d53f7872a5c9d452bbd0,3467aa0e-fcd6-4a25-aab5-9f1196ce512f,AMOY_POLYGON_TEST,0.001,eric-ba-2
0x4dee20ff78003406620470529ece93cd33457594,029b6b45-fa36-4b23-a7b2-54569599cfcc,AMOY_POLYGON_TEST,0.001,eric-ba-2
0xf7aa98dc008f7156d5c599bce573430e1fc508ad,c5428043-62d7-4c20-a350-ff6d3732d1a0,AMOY_POLYGON_TEST,0.001,eric-ba-2
0x14779d993a062cdb7584669eab7f2ede35b600c4,80a1464b-e464-4fae-a02f-ee81f40f09cd,AMOY_POLYGON_TEST,0.001,eric-ba-2
0x9d323f25487e2b170a3e0831ec847a2d8b5a3f30,cb3b3a45-c051-4ac9-b795-213532d9007a,AMOY_POLYGON_TEST,0.001,eric-ba-2
0xe8c65009e80f822162fa413068d0f1d5739ff06e,57c59f6c-2f85-46d4-8b9f-995fb2cad421,AMOY_POLYGON_TEST,0.001,eric-ba-2
0xdce177cbd5eab5c038d9f49fea43638c309cec87,824374e6-e0ef-4afd-bc35-0cdc27623083,AMOY_POLYGON_TEST,0.001,eric-ba-2
0x4b574b4d65b2ca5ba4a33ebbaf8cedf2c980b163,cd17c25c-4a38-45c0-a43a-bae7152524ca,AMOY_POLYGON_TEST,0.001,eric-ba-2
0x7b4afdd93529582f73c4f12bdd25446f2939db93,fda38050-84aa-40bb-89b1-1f4c62b5fe18,AMOY_POLYGON_TEST,0.001,eric-ba-2
0xfb1ebbb1afa16c83fc84c4f8c8239866f86c33f4,ed7498d7-4495-4d24-86eb-8ccce6a925eb,AMOY_POLYGON_TEST,0.001,eric-ba-2
0x632516c79820ab66c793c9a56e0b38af5004ed5b,0d803deb-00ac-4e17-98d3-9687bde99de7,AMOY_POLYGON_TEST,0.001,eric-ba-2
0x374d259229185af9c54886960a8612b9daad494b,15d03bdb-5842-46e0-b57f-83ed86f31023,AMOY_POLYGON_TEST,0.001,eric-ba-2
0x18946bc784e50623207a6e05e799db5dcc1219dd,01362198-f2c3-442c-a57f-72a25d490bcc,AMOY_POLYGON_TEST,0.001,eric-ba-2
0x5104ae5c49a8493f81134a26ba19184f28258d81,52b980f6-526c-423e-8d30-6e4087542c3a,AMOY_POLYGON_TEST,0.001,eric-ba-2
0xa44b893554c3a8f4fddf919b48ae135b3c147984,c9bc5160-cf71-4897-8622-488e578005dd,AMOY_POLYGON_TEST,0.001,eric-ba-2
0x16b422785ba7756bc38a147632fa4e2f531e7d82,a543d607-f63e-4a2f-ab9a-9034ecde277f,AMOY_POLYGON_TEST,0.001,eric-ba-2
0x3d368afbdf1372474d71c9103cee54fe4920ce35,dd0a6561-a2a0-477d-83fb-12805002375e,AMOY_POLYGON_TEST,0.001,eric-ba-2
0x392348cf7058813e23f3659e914be40c42189da9,ce08aaf4-a1be-45f3-8433-3719556a3b4a,AMOY_POLYGON_TEST,0.001,eric-ba-2
0x49708ed02927ef094fdd2282df129a9d1638f019,bdfc93b8-2271-45de-bb36-0567696021aa,AMOY_POLYGON_TEST,0.001,eric-ba-2
0x447baee4a22f3c8e50ec98163b9e25cafd045e0d,b83d732b-c18e-4a08-bab0-e18930c1ec54,AMOY_POLYGON_TEST,0.001,eric-ba-2
0xcf1dad7f3644f24b6f850990b329ff222ac9ddc5,bf1e1be7-f422-4db6-988c-edc140914ed6,AMOY_POLYGON_TEST,0.001,eric-ba-2
0x2bb6fb98f5dbe4c8156a5320bc180ea4d830b8a4,4608fd2d-badf-4e0c-be77-f2e37c0a1ed7,AMOY_POLYGON_TEST,0.001,eric-ba-2
0x0dF4E344a1b33DEE6B90E1F9941f205E0612f275,a7d22685-3f0c-408f-bbbf-2af118985d41,AMOY_POLYGON_TEST,0.001,eric-ba-2
0x51587a437fd8f8855ebc4f0495ac7089775a44a8,2ae97ecd-9c89-45ed-b3c6-e45aa734d8b3,AMOY_POLYGON_TEST,0.001,eric-ba-2
0x1f54cffc7957696d9649d65472b669dfe1db67da,f98fd75b-1f3f-4394-a4b3-d08ae6da73e2,AMOY_POLYGON_TEST,0.001,eric-ba-2
0xf7f19b997eea4f5ce1444127973f59af99eedb46,f19493c5-93dd-4618-bb63-29a462e2eee3,AMOY_POLYGON_TEST,0.001,eric-ba-2
0x4b6fc03579942120020fe5614932b67019634976,ec076978-fcba-4a7c-b8e1-6586d35cff20,AMOY_POLYGON_TEST,0.001,eric-ba-2
0x96ca6d4dfb8a67f6f9c99fbb2ce2247b7e94a55c,ba334747-a214-40de-a269-e524a3bf5a27,AMOY_POLYGON_TEST,0.001,eric-ba-2
0x2dbcad09966f37f075b18f6bd9faf8bf9ea06cd8,68397b10-43de-4a26-bf74-9229ad85d1b0,AMOY_POLYGON_TEST,0.001,eric-ba-2
0x648fa8f06155ea7a59a10ed2176a49cefb3ae6e2,294a4a61-455f-4e9e-890d-ba4b297973da,AMOY_POLYGON_TEST,0.001,eric-ba-2
0x5423b25e06cf2b1b79d5d583fa143740f5296180,0acae947-e686-49fb-9c83-229badb09cd0,AMOY_POLYGON_TEST,0.001,eric-ba-2
0x25da50b5ec580d423c0da3aa1c776e791527fbc5,dfbc84ee-051c-497f-85db-8834359868fe,AMOY_POLYGON_TEST,0.001,eric-ba-2
0x752d21c446c9256da13d04f05d0c08cce598be93,0ead868f-d046-40dc-ae4f-85b5d0f03459,AMOY_POLYGON_TEST,0.001,eric-ba-2
0x1e8d77cd97d80f7e66fd28851a614d30813f534d,23bc853f-8188-4995-81a6-f7679fb2d70e,AMOY_POLYGON_TEST,0.001,eric-ba-2
0x094972f393003835b6d6a03ca5d9dea804ae97eb,e7b99173-7568-46ea-9e45-1e1ba0adcc00,AMOY_POLYGON_TEST,0.001,eric-ba-2
0x5b147aaf18907d552031bd4d625b871323a75714,a60a9ca1-e917-4c46-8508-974647af4c4e,AMOY_POLYGON_TEST,0.001,eric-ba-2
0xa6f56d278fb7ac1fca4ac93d73eedc20cdd0fa68,e26b8d89-bec2-49aa-887e-22cd3bbc7cb4,AMOY_POLYGON_TEST,0.001,eric-ba-2
0x9016ddec22ed40f6cb3973a1b9fa0834a80b3fd4,c4be8134-046f-4a56-b0d1-dc1b167c7c0b,AMOY_POLYGON_TEST,0.001,eric-ba-2
0xd925ab343392e3814584d2752c1e5b8828102705,58264c30-981e-4078-8618-1e0f44a60ff1,AMOY_POLYGON_TEST,0.001,eric-ba-2
0xb79ed73fdc81351c6ee3461c3b2c5e711dceca00,bf61b302-ff81-4b08-8406-f0cb2af1422c,AMOY_POLYGON_TEST,0.001,eric-ba-2
0x30787857111597032d7b7cb46e19cdb5d1b401f2,f19bc03b-5548-4689-ad20-613f878338e9,AMOY_POLYGON_TEST,0.001,eric-ba-2
0x27af31f1661e5da6e6b631181d15f74ee8f1580c,aebebbf9-f39c-4860-b60d-bd06b0983dc4,AMOY_POLYGON_TEST,0.001,eric-ba-2
0xd729f30bc01e6ad95a8ef172694b85da75181bbb,05332912-7e70-4f63-b92e-4a2698ef2165,AMOY_POLYGON_TEST,0.001,eric-ba-2
0xc3ecb600ab76c793d95942fcaea8a53579ec241d,d229b9b2-d2f8-4dad-a017-1ac9351eca48,AMOY_POLYGON_TEST,0.001,eric-ba-2
0x1fae5855659848d20b652b1eb618c35c4cd5c3bb,88cf3934-0b24-4306-8145-ff02f6076e0a,AMOY_POLYGON_TEST,0.001,eric-ba-2
0x751358c3eb02853e10c182d16bb5bf40d3c1e27d,3797dc0e-3f13-4ef0-b7cd-c5b7a4a7caba,AMOY_POLYGON_TEST,0.001,eric-ba-2
0xb347fe7936d317e8ecc06b638bc7ce36e913122f,ebac0cd1-ccbf-47d7-a698-2dafda1f33f9,AMOY_POLYGON_TEST,0.001,eric-ba-2
0xd1aef7746403f3ec5dfd1ca9a09a24af5ec43403,366970b1-dbc5-4cc8-877b-7dd8da33c503,AMOY_POLYGON_TEST,0.001,eric-ba-2
0x1114ce1df6a85026e26243f1792819bbb8262764,014e1648-ba8c-497f-a22d-730f507e5569,AMOY_POLYGON_TEST,0.001,eric-ba-2
0x530a9b447071328d29d24b45c1c651dc90226e21,7c348603-21de-4e01-b814-53687677269f,AMOY_POLYGON_TEST,0.001,eric-ba-2
0x35450d0ee974c112450128de2a76e3fcbffe8e17,2cfd95c1-781c-4562-b931-8ef354327f0e,AMOY_POLYGON_TEST,0.001,eric-ba-2
0x856bc47ff3702b0901b095d4ca55212e9e0649ce,e91e5412-bd65-4f67-83f6-09a0c64c10ee,AMOY_POLYGON_TEST,0.001,eric-ba-2
0x1d43d074acf33bbca9828d90d9cc5c4a4e409045,34993a4d-a7f5-4ce0-8cc9-98caae876082,AMOY_POLYGON_TEST,0.001,eric-ba-2
0x3a58247a062b86735cb45a65ee0956e8aba1a3b2,0d695252-afe0-46ce-a78a-1a45574d058b,AMOY_POLYGON_TEST,0.001,eric-ba-2
0x916cc633371961d402b243beefa489bba14d271e,d12b25e2-b869-4eff-8f97-63fb9267e26a,AMOY_POLYGON_TEST,0.001,eric-ba-2
0x7249195f6ce81ff9a7faefef56cff505fa306049,2d813220-4a22-440c-ad4d-4af7d5c33a4b,AMOY_POLYGON_TEST,0.001,eric-ba-2
0xb15c76109b52ad3e760f83a88647d805b65374b9,afcd03ab-e072-43ba-8332-39cbc07a4fea,AMOY_POLYGON_TEST,0.001,eric-ba-2
0x3fff3a9f6f288aa8dec46c4323a29d7ae4b7797e,7c6c1fa0-7e5a-4fe4-ba43-a7a9c09c129b,AMOY_POLYGON_TEST,0.001,eric-ba-2
0xdc0f39d4bffb2f2eefcd275aa7bb56a35e2a250f,32b74e54-ebad-4b8a-aef6-a420b82d483f,AMOY_POLYGON_TEST,0.001,eric-ba-2
0x28f316a1233823b0db7f497977195e0bf1610822,3f5d3d28-11d6-4dfe-b229-0cb9e4bf02b6,AMOY_POLYGON_TEST,0.001,eric-ba-2
0x205a035971b1255b5e2c82825475e6ca55931bbe,11b608a3-75b9-43cc-af71-2e204f72c3ed,AMOY_POLYGON_TEST,0.001,eric-ba-2
0xaf80463f7a32d7630860b119dc4faca01d51ff07,473df2c1-2267-4cd9-bd81-a330ca616522,AMOY_POLYGON_TEST,0.001,eric-ba-2
0x84b879f149c54df66c69a110aba6163bf1f783b0,123b7c89-cc05-4420-a4a3-69d6da69c340,AMOY_POLYGON_TEST,0.001,eric-ba-2
0xa85e14f557d77590664d80b02d8e293f9b3f5282,5c0c6ecc-42de-4ac5-8c49-3e56f6d9a9aa,AMOY_POLYGON_TEST,0.001,eric-ba-2
0xc2241d4416501fa9270615165890f24ebeda221e,1cb161f9-de4c-496b-8883-bea377e61031,AMOY_POLYGON_TEST,0.001,eric-ba-2
0x3bb79ee9a52f6ebcf76341859c7e975268209df4,e17a5ef1-e88e-4b79-b98b-1a2b957cfc36,AMOY_POLYGON_TEST,0.001,eric-ba-2
0x6284c569c51a0ad870c71edd8586e1e372dd1106,a52a1846-c352-4be9-b858-7553a1d82e4f,AMOY_POLYGON_TEST,0.001,eric-ba-2
0xc2db221ca13b06b711ece2e74002fc3757c24dca,50b36034-6573-4e6e-a058-64990cc3c976,AMOY_POLYGON_TEST,0.001,eric-ba-2
0x132c94fa3fa27741e7961fc831caa99428c47b2e,fba178c8-a371-4d24-8f34-9e123d750b89,AMOY_POLYGON_TEST,0.001,eric-ba-2
0x617ac503552ad321d88c1c5380d3ddf1f9e2bc02,76b6af04-5cd0-4da2-a778-51f441ed6a69,AMOY_POLYGON_TEST,0.001,eric-ba-2
0xf1896c75531e867e5748840d08451e247b04e1c7,2060cff3-c011-4177-aba9-1100b77602e5,AMOY_POLYGON_TEST,0.001,eric-ba-2
0x982414f06e8a1eebe3378892ebac0575cec2206b,1d7e7329-3142-4636-ade8-2f3213b6f0ff,AMOY_POLYGON_TEST,0.001,eric-ba-2
0xc2bc0bf21a0fa022a700aee7b8082a17cdfdd04c,9dc124ea-0c20-49bb-bc62-b52974be6934,AMOY_POLYGON_TEST,0.001,eric-ba-2
0x90d7ac9c9f534ba8110fdb38342e11054a73fa7f,9d2247e4-7827-4f64-9023-26f65ed41512,AMOY_POLYGON_TEST,0.001,eric-ba-2
0x431ba9bdbf6e7f257c1e56aa074f075e7f778ed8,829b0a26-9bce-44da-a991-4d077955e091,AMOY_POLYGON_TEST,0.001,eric-ba-2
0x15f0305117a1a1bc311a441e83d2af79cd141109,2775d1dc-effa-4e5d-9708-51fa1d4c6a49,AMOY_POLYGON_TEST,0.001,eric-ba-2
0xc634d5232017670bb2209cc88e0c78b01a175201,b28bad9a-86a4-4016-b5c4-e13889c3d0dc,AMOY_POLYGON_TEST,0.001,eric-ba-2
0x6ca827c55c9266c723f62f7dc2a456fec6604f9e,e72d9921-aa7c-425c-8a77-cb8a4ea34225,AMOY_POLYGON_TEST,0.001,eric-ba-2
0xa995f68d3453ceabb5d5e06766d2cce69c694544,05defb97-ffe7-4f7e-96b4-e43692c47070,AMOY_POLYGON_TEST,0.001,eric-ba-2
0xc6e0a2b7a9b6f4748e98de16eb15580e7b5f79cd,47902d3c-2ca5-4c1f-b3f1-96247317ca0c,AMOY_POLYGON_TEST,0.001,eric-ba-2
0xefb0109991f0d4a32279e0a1386f0d964d12e369,6289859f-6061-4d23-a985-7b327a5b6d78,AMOY_POLYGON_TEST,0.001,eric-ba-2
0xacc741ca5eb3743b87a06861dfdc7f24c7338bcc,16502d6f-00ab-44ce-b056-1b299bf72a5b,AMOY_POLYGON_TEST,0.001,eric-ba-2
0x148f013f0bbce61fae39e5670a17d12b4298adf3,b6985150-0a48-451c-b531-b6dd5639c50e,AMOY_POLYGON_TEST,0.001,eric-ba-2
0x430a4bbe5afb024ca77412b30ff60f6f2e610834,403543ba-5543-4d34-812e-410b71420ad6,AMOY_POLYGON_TEST,0.001,eric-ba-2
0x99e2b4cef42436a42369012b5753afa3c4a23c98,adb61765-e919-46b4-9a38-4cd9c2d8b4b3,AMOY_POLYGON_TEST,0.001,eric-ba-2
0xdeaa383f4df59dd6a1ea8175b24b82c5f953a210,83e94b05-0be8-449b-80c9-a7fb52e571fe,AMOY_POLYGON_TEST,0.001,eric-ba-2
0x9ef62402371d853d494c1221ca4bc335743234a3,80e8a8aa-c490-4a32-be4c-c4a305f7b6aa,AMOY_POLYGON_TEST,0.001,eric-ba-2
0xfd8defe8037ee740cddfd2514d7c25610405fbec,8138367e-6afb-49dc-b35c-e7d1a9c62197,AMOY_POLYGON_TEST,0.001,eric-ba-2
0x7cc465ea0dcabbdf57d14195d76e20a7afb9b7d1,ae76d2b2-f67e-4c87-92b3-0b70b40c4ace,AMOY_POLYGON_TEST,0.001,eric-ba-2
0x132069d84ced48662b0c92bdda3a2ec2577a469f,1d800f88-3ef7-4502-9e9c-1282889fa51b,AMOY_POLYGON_TEST,0.001,eric-ba-2
0x036b7718ff9512aeec4c3d7f97029b4b0b57937d,9fbd9ab2-55a5-4625-8d6b-6e621ed124e0,AMOY_POLYGON_TEST,0.001,eric-ba-2
0x3b69940412caf9642a7ce8d11091c5139ffd7602,ed2184a0-69aa-4a96-9220-e67b10905248,AMOY_POLYGON_TEST,0.001,eric-ba-2
0xd75a7872e6e2e98d9b5b5c872f45acbd42f55e5f,e56268a0-bb0f-430c-8adf-dff6d8bbed43,AMOY_POLYGON_TEST,0.001,eric-ba-2
0x1aa4d01ad8352f5570f7edebeb34005eb0215a05,72ff8095-bc20-40a7-a4d8-062869106d4b,AMOY_POLYGON_TEST,0.001,eric-ba-2
0x4162b29031168d78ce1b383636e9853e05fa6ba3,891b3c46-bcb5-4c7c-8794-eeff6e3dd40f,AMOY_POLYGON_TEST,0.001,eric-ba-2
0xd239313276573d230097cbc3da10dbce2fa38433,03e06096-7d63-4e64-95cb-587fe85b4cce,AMOY_POLYGON_TEST,0.001,eric-ba-2
0x969255ffac1cf239d96a2c0857c128dca313b09b,859c3255-98db-43db-a04a-021f5118f751,AMOY_POLYGON_TEST,0.001,eric-ba-2
0x734df2d186b847038a46226457be5f25c6246925,1bee6c06-db29-450d-b2e9-650f674026c5,AMOY_POLYGON_TEST,0.001,eric-ba-2
0x031aa5e4031764e4d494ddd450d88a06ac0ed453,7f747eac-d653-4fa8-9d98-00695869f1b4,AMOY_POLYGON_TEST,0.001,eric-ba-2
0xeda0f2d449100834e2e69f93b26307e7232c475d,27a967f3-eef7-449f-8642-50555c742daf,AMOY_POLYGON_TEST,0.001,eric-ba-2
0xbf6b94cdeea25c09724ebcabe63d233e3f8e100c,fece83c1-58e4-488a-a6fc-78e069ee6292,AMOY_POLYGON_TEST,0.001,eric-ba-2
0x8d404f26b44e0f7866d0bfe9a37fd8f6dfc9919f,8bb5af00-a3eb-49d2-a51f-103e2cd27f17,AMOY_POLYGON_TEST,0.001,eric-ba-2
0xc67e22da63bb3c89591dc8452b6566faf22be645,47d0f221-1f6f-4428-a852-f4b0bc23817e,AMOY_POLYGON_TEST,0.001,eric-ba-2
0xde166f1fbf631048129bd39959c0d6d0a98e061e,64b99ed7-c472-47cf-ad9a-639d55a96a32,AMOY_POLYGON_TEST,0.001,eric-ba-2
0x48cd7da1ef44905c715e442a87e11c4fa62fb2dd,76ab9b26-304f-4f80-b363-061da6ffe464,AMOY_POLYGON_TEST,0.001,eric-ba-2
0x84d14345a6ebfae49ca59aeb034b5de44bbfc35f,28750da5-6521-464d-8f09-a2cd8327d358,AMOY_POLYGON_TEST,0.001,eric-ba-2
0x80675d288e277add5dce60504a0a783f580dca43,ecdd70bf-3309-4777-b6b7-b1d8e6816c8f,AMOY_POLYGON_TEST,0.001,eric-ba-2
